migration_id,module,filename_part,tenant_count,error_category,root_cause
module/action/001_initial_tables,action,001_initial_tables,1,OTHER,"see raw error"
module/action/002_enterprise_expansion,action,002_enterprise_expansion,1,OTHER,"see raw error"
module/action/027_extracted_from_027_tenant_schema_tables,action,027_extracted_from_027_tenant_schema_tables,11,UNRESOLVED_TENANT_PLACEHOLDER,"runner did not substitute __TENANT_SCHEMA__ before exec"
module/agrc-engine/001_agrc_engine_tables,agrc-engine,001_agrc_engine_tables,1,OTHER,"see raw error"
module/agrc-engine/027_extracted_from_027_tenant_schema_tables,agrc-engine,027_extracted_from_027_tenant_schema_tables,11,UNRESOLVED_TENANT_PLACEHOLDER,"runner did not substitute __TENANT_SCHEMA__ before exec"
module/ai-governance/001_ai_governance_tables,ai-governance,001_ai_governance_tables,1,OTHER,"see raw error"
module/ai-governance/003_agent_delegations_and_proposed_actions,ai-governance,003_agent_delegations_and_proposed_actions,11,UNRESOLVED_TENANT_PLACEHOLDER,"runner did not substitute __TENANT_SCHEMA__ before exec"
module/ai-governance/027_extracted_from_027_tenant_schema_tables,ai-governance,027_extracted_from_027_tenant_schema_tables,11,UNRESOLVED_TENANT_PLACEHOLDER,"runner did not substitute __TENANT_SCHEMA__ before exec"
module/ai/001_ai_engine_initial_schema,ai,001_ai_engine_initial_schema,11,UNRESOLVED_TENANT_PLACEHOLDER,"runner did not substitute __TENANT_SCHEMA__ before exec"
module/ai/001_initial_tables,ai,001_initial_tables,1,OTHER,"see raw error"
module/ai/027_extracted_from_027_tenant_schema_tables,ai,027_extracted_from_027_tenant_schema_tables,11,UNRESOLVED_TENANT_PLACEHOLDER,"runner did not substitute __TENANT_SCHEMA__ before exec"
module/ai/099_extracted_from_099_bootstrap_tenant_domain_tables,ai,099_extracted_from_099_bootstrap_tenant_domain_tables,1,OTHER,"see raw error"
module/ai/111_ai_model_risk_management_enhancement,ai,111_ai_model_risk_management_enhancement,2,OTHER,"see raw error"
module/analytics/001_analytics_tables,analytics,001_analytics_tables,1,OTHER,"see raw error"
module/analytics/002_enterprise_expansion,analytics,002_enterprise_expansion,1,OTHER,"see raw error"
module/analytics/027_extracted_from_027_tenant_schema_tables,analytics,027_extracted_from_027_tenant_schema_tables,11,UNRESOLVED_TENANT_PLACEHOLDER,"runner did not substitute __TENANT_SCHEMA__ before exec"
module/asset/001_asset_tables,asset,001_asset_tables,1,OTHER,"see raw error"
module/asset/002_enterprise_expansion,asset,002_enterprise_expansion,1,OTHER,"see raw error"
module/asset/027_extracted_from_027_tenant_schema_tables,asset,027_extracted_from_027_tenant_schema_tables,11,UNRESOLVED_TENANT_PLACEHOLDER,"runner did not substitute __TENANT_SCHEMA__ before exec"
module/attestation/001_initial_tables,attestation,001_initial_tables,1,OTHER,"see raw error"
module/attestation/002_enterprise_expansion,attestation,002_enterprise_expansion,1,OTHER,"see raw error"
module/attestation/027_extracted_from_027_tenant_schema_tables,attestation,027_extracted_from_027_tenant_schema_tables,11,UNRESOLVED_TENANT_PLACEHOLDER,"runner did not substitute __TENANT_SCHEMA__ before exec"
module/audit/000_extracted_from_000_inline_baseline,audit,000_extracted_from_000_inline_baseline,1,OTHER,"see raw error"
module/audit/001_audit_tables,audit,001_audit_tables,1,OTHER,"see raw error"
module/audit/002_enterprise_expansion,audit,002_enterprise_expansion,1,OTHER,"see raw error"
module/audit/027_extracted_from_027_tenant_schema_tables,audit,027_extracted_from_027_tenant_schema_tables,11,UNRESOLVED_TENANT_PLACEHOLDER,"runner did not substitute __TENANT_SCHEMA__ before exec"
module/bcp/001_bcp_tables,bcp,001_bcp_tables,1,OTHER,"see raw error"
module/bcp/002_enterprise_expansion,bcp,002_enterprise_expansion,1,OTHER,"see raw error"
module/bcp/027_extracted_from_027_tenant_schema_tables,bcp,027_extracted_from_027_tenant_schema_tables,11,UNRESOLVED_TENANT_PLACEHOLDER,"runner did not substitute __TENANT_SCHEMA__ before exec"
module/benchmarks/001_initial_tables,benchmarks,001_initial_tables,1,OTHER,"see raw error"
module/benchmarks/002_enterprise_expansion,benchmarks,002_enterprise_expansion,1,OTHER,"see raw error"
module/benchmarks/027_extracted_from_027_tenant_schema_tables,benchmarks,027_extracted_from_027_tenant_schema_tables,11,UNRESOLVED_TENANT_PLACEHOLDER,"runner did not substitute __TENANT_SCHEMA__ before exec"
module/compliance/000_extracted_from_000_inline_baseline,compliance,000_extracted_from_000_inline_baseline,1,OTHER,"see raw error"
module/compliance/001_compliance_tables,compliance,001_compliance_tables,1,OTHER,"see raw error"
module/compliance/002_enterprise_expansion,compliance,002_enterprise_expansion,1,OTHER,"see raw error"
module/compliance/003_advanced_controls_tables,compliance,003_advanced_controls_tables,1,OTHER,"see raw error"
module/compliance/027_extracted_from_027_tenant_schema_tables,compliance,027_extracted_from_027_tenant_schema_tables,11,UNRESOLVED_TENANT_PLACEHOLDER,"runner did not substitute __TENANT_SCHEMA__ before exec"
module/controls/000_extracted_from_000_inline_baseline,controls,000_extracted_from_000_inline_baseline,1,OTHER,"see raw error"
module/controls/001_controls_tables,controls,001_controls_tables,1,OTHER,"see raw error"
module/controls/002_enterprise_expansion,controls,002_enterprise_expansion,1,OTHER,"see raw error"
module/controls/027_extracted_from_027_tenant_schema_tables,controls,027_extracted_from_027_tenant_schema_tables,11,UNRESOLVED_TENANT_PLACEHOLDER,"runner did not substitute __TENANT_SCHEMA__ before exec"
module/dashboard-editor/001_initial_tables,dashboard-editor,001_initial_tables,1,OTHER,"see raw error"
module/dashboard-editor/002_enterprise_expansion,dashboard-editor,002_enterprise_expansion,1,OTHER,"see raw error"
module/dashboard/000_extracted_from_000_inline_baseline,dashboard,000_extracted_from_000_inline_baseline,1,OTHER,"see raw error"
module/dashboard/001_dashboard_tables,dashboard,001_dashboard_tables,1,OTHER,"see raw error"
module/dashboard/002_enterprise_expansion,dashboard,002_enterprise_expansion,1,OTHER,"see raw error"
module/dashboard/027_extracted_from_027_tenant_schema_tables,dashboard,027_extracted_from_027_tenant_schema_tables,11,UNRESOLVED_TENANT_PLACEHOLDER,"runner did not substitute __TENANT_SCHEMA__ before exec"
module/dora/001_dora_tables,dora,001_dora_tables,1,OTHER,"see raw error"
module/dora/002_enterprise_expansion,dora,002_enterprise_expansion,1,OTHER,"see raw error"
module/dora/027_extracted_from_027_tenant_schema_tables,dora,027_extracted_from_027_tenant_schema_tables,11,UNRESOLVED_TENANT_PLACEHOLDER,"runner did not substitute __TENANT_SCHEMA__ before exec"
module/evidence/000_extracted_from_000_inline_baseline,evidence,000_extracted_from_000_inline_baseline,1,OTHER,"see raw error"
module/evidence/001_evidence_tables,evidence,001_evidence_tables,1,OTHER,"see raw error"
module/evidence/002_enterprise_expansion,evidence,002_enterprise_expansion,1,OTHER,"see raw error"
module/evidence/027_extracted_from_027_tenant_schema_tables,evidence,027_extracted_from_027_tenant_schema_tables,11,UNRESOLVED_TENANT_PLACEHOLDER,"runner did not substitute __TENANT_SCHEMA__ before exec"
module/exception/001_exception_tables,exception,001_exception_tables,1,OTHER,"see raw error"
module/exception/002_enterprise_expansion,exception,002_enterprise_expansion,1,OTHER,"see raw error"
module/exception/027_extracted_from_027_tenant_schema_tables,exception,027_extracted_from_027_tenant_schema_tables,11,UNRESOLVED_TENANT_PLACEHOLDER,"runner did not substitute __TENANT_SCHEMA__ before exec"
module/executive/001_initial_tables,executive,001_initial_tables,1,OTHER,"see raw error"
module/executive/002_enterprise_expansion,executive,002_enterprise_expansion,1,OTHER,"see raw error"
module/executive/027_extracted_from_027_tenant_schema_tables,executive,027_extracted_from_027_tenant_schema_tables,11,UNRESOLVED_TENANT_PLACEHOLDER,"runner did not substitute __TENANT_SCHEMA__ before exec"
module/fitch/001_initial_tables,fitch,001_initial_tables,1,OTHER,"see raw error"
module/fitch/002_enterprise_expansion,fitch,002_enterprise_expansion,1,OTHER,"see raw error"
module/fitch/027_extracted_from_027_tenant_schema_tables,fitch,027_extracted_from_027_tenant_schema_tables,11,UNRESOLVED_TENANT_PLACEHOLDER,"runner did not substitute __TENANT_SCHEMA__ before exec"
module/foundation/001_foundation_tenant_tables,foundation,001_foundation_tenant_tables,11,UNRESOLVED_TENANT_PLACEHOLDER,"runner did not substitute __TENANT_SCHEMA__ before exec"
module/governance-ai/001_initial_tables,governance-ai,001_initial_tables,1,OTHER,"see raw error"
module/governance-ai/002_enterprise_expansion,governance-ai,002_enterprise_expansion,1,OTHER,"see raw error"
module/governance-os/001_initial_tables,governance-os,001_initial_tables,1,OTHER,"see raw error"
module/governance-os/002_enterprise_expansion,governance-os,002_enterprise_expansion,1,OTHER,"see raw error"
module/governance-os/027_extracted_from_027_tenant_schema_tables,governance-os,027_extracted_from_027_tenant_schema_tables,11,UNRESOLVED_TENANT_PLACEHOLDER,"runner did not substitute __TENANT_SCHEMA__ before exec"
module/governance/000_extracted_from_000_inline_baseline,governance,000_extracted_from_000_inline_baseline,1,OTHER,"see raw error"
module/governance/001_governance_tables,governance,001_governance_tables,1,OTHER,"see raw error"
module/governance/002_enterprise_expansion,governance,002_enterprise_expansion,1,OTHER,"see raw error"
module/governance/027_extracted_from_027_tenant_schema_tables,governance,027_extracted_from_027_tenant_schema_tables,11,UNRESOLVED_TENANT_PLACEHOLDER,"runner did not substitute __TENANT_SCHEMA__ before exec"
module/grc-query/001_initial_tables,grc-query,001_initial_tables,1,OTHER,"see raw error"
module/grc-query/002_enterprise_expansion,grc-query,002_enterprise_expansion,1,OTHER,"see raw error"
module/grc-query/027_extracted_from_027_tenant_schema_tables,grc-query,027_extracted_from_027_tenant_schema_tables,11,UNRESOLVED_TENANT_PLACEHOLDER,"runner did not substitute __TENANT_SCHEMA__ before exec"
module/inbox/001_inbox_tables,inbox,001_inbox_tables,1,OTHER,"see raw error"
module/inbox/002_enterprise_expansion,inbox,002_enterprise_expansion,1,OTHER,"see raw error"
module/inbox/027_extracted_from_027_tenant_schema_tables,inbox,027_extracted_from_027_tenant_schema_tables,11,UNRESOLVED_TENANT_PLACEHOLDER,"runner did not substitute __TENANT_SCHEMA__ before exec"
module/incident/001_incident_tables,incident,001_incident_tables,1,OTHER,"see raw error"
module/incident/002_enterprise_expansion,incident,002_enterprise_expansion,1,OTHER,"see raw error"
module/incident/027_extracted_from_027_tenant_schema_tables,incident,027_extracted_from_027_tenant_schema_tables,11,UNRESOLVED_TENANT_PLACEHOLDER,"runner did not substitute __TENANT_SCHEMA__ before exec"
module/incident/099_extracted_from_099_bootstrap_tenant_domain_tables,incident,099_extracted_from_099_bootstrap_tenant_domain_tables,1,OTHER,"see raw error"
module/incident/102_incident_governance_pipeline,incident,102_incident_governance_pipeline,2,OTHER,"see raw error"
module/incident/105_incident_advanced_tables,incident,105_incident_advanced_tables,2,OTHER,"see raw error"
module/incident/117_incident_case_breach_enterprise_v2,incident,117_incident_case_breach_enterprise_v2,2,OTHER,"see raw error"
module/incident/118_extracted_from_118_incident_vendor_bcp_config_tables,incident,118_extracted_from_118_incident_vendor_bcp_config_tables,1,OTHER,"see raw error"
module/integrations/001_initial_tables,integrations,001_initial_tables,1,OTHER,"see raw error"
module/integrations/002_enterprise_expansion,integrations,002_enterprise_expansion,1,OTHER,"see raw error"
module/integrations/027_extracted_from_027_tenant_schema_tables,integrations,027_extracted_from_027_tenant_schema_tables,11,UNRESOLVED_TENANT_PLACEHOLDER,"runner did not substitute __TENANT_SCHEMA__ before exec"
module/issues/001_issues_tables,issues,001_issues_tables,1,OTHER,"see raw error"
module/issues/002_enterprise_expansion,issues,002_enterprise_expansion,1,OTHER,"see raw error"
module/issues/027_extracted_from_027_tenant_schema_tables,issues,027_extracted_from_027_tenant_schema_tables,11,UNRESOLVED_TENANT_PLACEHOLDER,"runner did not substitute __TENANT_SCHEMA__ before exec"
module/journey/001_journey_tables,journey,001_journey_tables,1,OTHER,"see raw error"
module/journey/002_enterprise_expansion,journey,002_enterprise_expansion,1,OTHER,"see raw error"
module/journey/027_extracted_from_027_tenant_schema_tables,journey,027_extracted_from_027_tenant_schema_tables,11,UNRESOLVED_TENANT_PLACEHOLDER,"runner did not substitute __TENANT_SCHEMA__ before exec"
module/knowledge/001_initial_tables,knowledge,001_initial_tables,1,OTHER,"see raw error"
module/knowledge/002_enterprise_expansion,knowledge,002_enterprise_expansion,1,OTHER,"see raw error"
module/knowledge/027_extracted_from_027_tenant_schema_tables,knowledge,027_extracted_from_027_tenant_schema_tables,11,UNRESOLVED_TENANT_PLACEHOLDER,"runner did not substitute __TENANT_SCHEMA__ before exec"
module/ksa-regulatory/001_ksa_regulatory_tables,ksa-regulatory,001_ksa_regulatory_tables,1,OTHER,"see raw error"
module/ksa-regulatory/002_enterprise_expansion,ksa-regulatory,002_enterprise_expansion,1,OTHER,"see raw error"
module/ksa-regulatory/027_extracted_from_027_tenant_schema_tables,ksa-regulatory,027_extracted_from_027_tenant_schema_tables,11,UNRESOLVED_TENANT_PLACEHOLDER,"runner did not substitute __TENANT_SCHEMA__ before exec"
module/local-knowledge/001_local_knowledge_tables,local-knowledge,001_local_knowledge_tables,1,OTHER,"see raw error"
module/local-knowledge/002_enterprise_expansion,local-knowledge,002_enterprise_expansion,1,OTHER,"see raw error"
module/local-knowledge/027_extracted_from_027_tenant_schema_tables,local-knowledge,027_extracted_from_027_tenant_schema_tables,11,UNRESOLVED_TENANT_PLACEHOLDER,"runner did not substitute __TENANT_SCHEMA__ before exec"
module/mcp/001_initial_tables,mcp,001_initial_tables,1,OTHER,"see raw error"
module/mcp/027_extracted_from_027_tenant_schema_tables,mcp,027_extracted_from_027_tenant_schema_tables,11,UNRESOLVED_TENANT_PLACEHOLDER,"runner did not substitute __TENANT_SCHEMA__ before exec"
module/mobile/001_initial_tables,mobile,001_initial_tables,1,OTHER,"see raw error"
module/mobile/002_enterprise_expansion,mobile,002_enterprise_expansion,1,OTHER,"see raw error"
module/mobile/027_extracted_from_027_tenant_schema_tables,mobile,027_extracted_from_027_tenant_schema_tables,11,UNRESOLVED_TENANT_PLACEHOLDER,"runner did not substitute __TENANT_SCHEMA__ before exec"
module/notification/001_notification_tables,notification,001_notification_tables,1,OTHER,"see raw error"
module/notification/002_enterprise_expansion,notification,002_enterprise_expansion,1,OTHER,"see raw error"
module/notification/027_extracted_from_027_tenant_schema_tables,notification,027_extracted_from_027_tenant_schema_tables,11,UNRESOLVED_TENANT_PLACEHOLDER,"runner did not substitute __TENANT_SCHEMA__ before exec"
module/onboarding/001_onboarding_tables,onboarding,001_onboarding_tables,1,OTHER,"see raw error"
module/operating-cockpit/001_initial_tables,operating-cockpit,001_initial_tables,1,OTHER,"see raw error"
module/operating-cockpit/002_enterprise_expansion,operating-cockpit,002_enterprise_expansion,1,OTHER,"see raw error"
module/operating-cockpit/027_extracted_from_027_tenant_schema_tables,operating-cockpit,027_extracted_from_027_tenant_schema_tables,11,UNRESOLVED_TENANT_PLACEHOLDER,"runner did not substitute __TENANT_SCHEMA__ before exec"
module/packs/001_packs_tables,packs,001_packs_tables,1,OTHER,"see raw error"
module/platform-core/000_extracted_from_000_inline_baseline,platform-core,000_extracted_from_000_inline_baseline,1,OTHER,"see raw error"
module/platform-core/019_file_storage_table,platform-core,019_file_storage_table,11,UNRESOLVED_TENANT_PLACEHOLDER,"runner did not substitute __TENANT_SCHEMA__ before exec"
module/platform-core/020_row_level_security,platform-core,020_row_level_security,11,UNRESOLVED_TENANT_PLACEHOLDER,"runner did not substitute __TENANT_SCHEMA__ before exec"
module/platform-core/024_rls_vector_stores,platform-core,024_rls_vector_stores,11,UNRESOLVED_TENANT_PLACEHOLDER,"runner did not substitute __TENANT_SCHEMA__ before exec"
module/platform-core/034_module_config_runtime,platform-core,034_module_config_runtime,11,UNRESOLVED_TENANT_PLACEHOLDER,"runner did not substitute __TENANT_SCHEMA__ before exec"
module/platform-core/035_risk_module_config_seed,platform-core,035_risk_module_config_seed,10,UNRESOLVED_TENANT_PLACEHOLDER,"runner did not substitute __TENANT_SCHEMA__ before exec"
module/platform-core/036_compliance_module_config_seed,platform-core,036_compliance_module_config_seed,10,UNRESOLVED_TENANT_PLACEHOLDER,"runner did not substitute __TENANT_SCHEMA__ before exec"
module/platform-core/037_platform_runtime_tables,platform-core,037_platform_runtime_tables,11,UNRESOLVED_TENANT_PLACEHOLDER,"runner did not substitute __TENANT_SCHEMA__ before exec"
module/platform-core/039_module_config_audit_hardening,platform-core,039_module_config_audit_hardening,11,UNRESOLVED_TENANT_PLACEHOLDER,"runner did not substitute __TENANT_SCHEMA__ before exec"
module/platform-core/041_module_entitlement_audit,platform-core,041_module_entitlement_audit,11,UNRESOLVED_TENANT_PLACEHOLDER,"runner did not substitute __TENANT_SCHEMA__ before exec"
module/platform-core/042_tenant_module_entitlements_alignment,platform-core,042_tenant_module_entitlements_alignment,11,UNRESOLVED_TENANT_PLACEHOLDER,"runner did not substitute __TENANT_SCHEMA__ before exec"
module/platform-core/099_extracted_from_099_bootstrap_tenant_domain_tables,platform-core,099_extracted_from_099_bootstrap_tenant_domain_tables,1,OTHER,"see raw error"
module/platform-core/129_ai_rls_enablement,platform-core,129_ai_rls_enablement,2,OTHER,"see raw error"
module/platform-core/413_action_module_config_seed,platform-core,413_action_module_config_seed,10,UNRESOLVED_TENANT_PLACEHOLDER,"runner did not substitute __TENANT_SCHEMA__ before exec"
module/platform-core/414_agrc-engine_module_config_seed,platform-core,414_agrc-engine_module_config_seed,10,UNRESOLVED_TENANT_PLACEHOLDER,"runner did not substitute __TENANT_SCHEMA__ before exec"
module/platform-core/415_ai_module_config_seed,platform-core,415_ai_module_config_seed,10,UNRESOLVED_TENANT_PLACEHOLDER,"runner did not substitute __TENANT_SCHEMA__ before exec"
module/platform-core/416_ai-governance_module_config_seed,platform-core,416_ai-governance_module_config_seed,10,UNRESOLVED_TENANT_PLACEHOLDER,"runner did not substitute __TENANT_SCHEMA__ before exec"
module/platform-core/417_analytics_module_config_seed,platform-core,417_analytics_module_config_seed,10,UNRESOLVED_TENANT_PLACEHOLDER,"runner did not substitute __TENANT_SCHEMA__ before exec"
module/platform-core/418_asset_module_config_seed,platform-core,418_asset_module_config_seed,10,UNRESOLVED_TENANT_PLACEHOLDER,"runner did not substitute __TENANT_SCHEMA__ before exec"
module/platform-core/419_attestation_module_config_seed,platform-core,419_attestation_module_config_seed,10,UNRESOLVED_TENANT_PLACEHOLDER,"runner did not substitute __TENANT_SCHEMA__ before exec"
module/platform-core/420_audit_module_config_seed,platform-core,420_audit_module_config_seed,10,UNRESOLVED_TENANT_PLACEHOLDER,"runner did not substitute __TENANT_SCHEMA__ before exec"
module/platform-core/421_bcp_module_config_seed,platform-core,421_bcp_module_config_seed,10,UNRESOLVED_TENANT_PLACEHOLDER,"runner did not substitute __TENANT_SCHEMA__ before exec"
module/platform-core/422_benchmarks_module_config_seed,platform-core,422_benchmarks_module_config_seed,10,UNRESOLVED_TENANT_PLACEHOLDER,"runner did not substitute __TENANT_SCHEMA__ before exec"
module/platform-core/423_controls_module_config_seed,platform-core,423_controls_module_config_seed,10,UNRESOLVED_TENANT_PLACEHOLDER,"runner did not substitute __TENANT_SCHEMA__ before exec"
module/platform-core/424_dashboard_module_config_seed,platform-core,424_dashboard_module_config_seed,10,UNRESOLVED_TENANT_PLACEHOLDER,"runner did not substitute __TENANT_SCHEMA__ before exec"
module/platform-core/425_dashboard-editor_module_config_seed,platform-core,425_dashboard-editor_module_config_seed,10,UNRESOLVED_TENANT_PLACEHOLDER,"runner did not substitute __TENANT_SCHEMA__ before exec"
module/platform-core/426_dora_module_config_seed,platform-core,426_dora_module_config_seed,10,UNRESOLVED_TENANT_PLACEHOLDER,"runner did not substitute __TENANT_SCHEMA__ before exec"
module/platform-core/427_evidence_module_config_seed,platform-core,427_evidence_module_config_seed,10,UNRESOLVED_TENANT_PLACEHOLDER,"runner did not substitute __TENANT_SCHEMA__ before exec"
module/platform-core/428_exception_module_config_seed,platform-core,428_exception_module_config_seed,10,UNRESOLVED_TENANT_PLACEHOLDER,"runner did not substitute __TENANT_SCHEMA__ before exec"
module/platform-core/429_executive_module_config_seed,platform-core,429_executive_module_config_seed,10,UNRESOLVED_TENANT_PLACEHOLDER,"runner did not substitute __TENANT_SCHEMA__ before exec"
module/platform-core/430_fitch_module_config_seed,platform-core,430_fitch_module_config_seed,10,UNRESOLVED_TENANT_PLACEHOLDER,"runner did not substitute __TENANT_SCHEMA__ before exec"
module/platform-core/431_governance_module_config_seed,platform-core,431_governance_module_config_seed,10,UNRESOLVED_TENANT_PLACEHOLDER,"runner did not substitute __TENANT_SCHEMA__ before exec"
module/platform-core/432_governance-ai_module_config_seed,platform-core,432_governance-ai_module_config_seed,10,UNRESOLVED_TENANT_PLACEHOLDER,"runner did not substitute __TENANT_SCHEMA__ before exec"
module/platform-core/433_governance-os_module_config_seed,platform-core,433_governance-os_module_config_seed,10,UNRESOLVED_TENANT_PLACEHOLDER,"runner did not substitute __TENANT_SCHEMA__ before exec"
module/platform-core/434_grc-query_module_config_seed,platform-core,434_grc-query_module_config_seed,10,UNRESOLVED_TENANT_PLACEHOLDER,"runner did not substitute __TENANT_SCHEMA__ before exec"
module/platform-core/435_inbox_module_config_seed,platform-core,435_inbox_module_config_seed,10,UNRESOLVED_TENANT_PLACEHOLDER,"runner did not substitute __TENANT_SCHEMA__ before exec"
module/platform-core/436_incident_module_config_seed,platform-core,436_incident_module_config_seed,10,UNRESOLVED_TENANT_PLACEHOLDER,"runner did not substitute __TENANT_SCHEMA__ before exec"
module/platform-core/437_integrations_module_config_seed,platform-core,437_integrations_module_config_seed,10,UNRESOLVED_TENANT_PLACEHOLDER,"runner did not substitute __TENANT_SCHEMA__ before exec"
module/platform-core/438_issues_module_config_seed,platform-core,438_issues_module_config_seed,10,UNRESOLVED_TENANT_PLACEHOLDER,"runner did not substitute __TENANT_SCHEMA__ before exec"
module/platform-core/439_journey_module_config_seed,platform-core,439_journey_module_config_seed,10,UNRESOLVED_TENANT_PLACEHOLDER,"runner did not substitute __TENANT_SCHEMA__ before exec"
module/platform-core/440_knowledge_module_config_seed,platform-core,440_knowledge_module_config_seed,10,UNRESOLVED_TENANT_PLACEHOLDER,"runner did not substitute __TENANT_SCHEMA__ before exec"
module/platform-core/441_ksa-regulatory_module_config_seed,platform-core,441_ksa-regulatory_module_config_seed,10,UNRESOLVED_TENANT_PLACEHOLDER,"runner did not substitute __TENANT_SCHEMA__ before exec"
module/platform-core/442_local-knowledge_module_config_seed,platform-core,442_local-knowledge_module_config_seed,10,UNRESOLVED_TENANT_PLACEHOLDER,"runner did not substitute __TENANT_SCHEMA__ before exec"
module/platform-core/443_mcp_module_config_seed,platform-core,443_mcp_module_config_seed,10,UNRESOLVED_TENANT_PLACEHOLDER,"runner did not substitute __TENANT_SCHEMA__ before exec"
module/platform-core/444_mobile_module_config_seed,platform-core,444_mobile_module_config_seed,10,UNRESOLVED_TENANT_PLACEHOLDER,"runner did not substitute __TENANT_SCHEMA__ before exec"
module/platform-core/445_notification_module_config_seed,platform-core,445_notification_module_config_seed,10,UNRESOLVED_TENANT_PLACEHOLDER,"runner did not substitute __TENANT_SCHEMA__ before exec"
module/platform-core/446_onboarding_module_config_seed,platform-core,446_onboarding_module_config_seed,10,UNRESOLVED_TENANT_PLACEHOLDER,"runner did not substitute __TENANT_SCHEMA__ before exec"
module/platform-core/447_operating-cockpit_module_config_seed,platform-core,447_operating-cockpit_module_config_seed,10,UNRESOLVED_TENANT_PLACEHOLDER,"runner did not substitute __TENANT_SCHEMA__ before exec"
module/platform-core/448_packs_module_config_seed,platform-core,448_packs_module_config_seed,10,UNRESOLVED_TENANT_PLACEHOLDER,"runner did not substitute __TENANT_SCHEMA__ before exec"
module/platform-core/449_platform-onboarding_module_config_seed,platform-core,449_platform-onboarding_module_config_seed,10,UNRESOLVED_TENANT_PLACEHOLDER,"runner did not substitute __TENANT_SCHEMA__ before exec"
module/platform-core/450_playbooks_module_config_seed,platform-core,450_playbooks_module_config_seed,10,UNRESOLVED_TENANT_PLACEHOLDER,"runner did not substitute __TENANT_SCHEMA__ before exec"
module/platform-core/451_policy_module_config_seed,platform-core,451_policy_module_config_seed,10,UNRESOLVED_TENANT_PLACEHOLDER,"runner did not substitute __TENANT_SCHEMA__ before exec"
module/platform-core/452_portals_module_config_seed,platform-core,452_portals_module_config_seed,10,UNRESOLVED_TENANT_PLACEHOLDER,"runner did not substitute __TENANT_SCHEMA__ before exec"
module/platform-core/453_privacy_module_config_seed,platform-core,453_privacy_module_config_seed,10,UNRESOLVED_TENANT_PLACEHOLDER,"runner did not substitute __TENANT_SCHEMA__ before exec"
module/platform-core/454_proactive-leadership_module_config_seed,platform-core,454_proactive-leadership_module_config_seed,10,UNRESOLVED_TENANT_PLACEHOLDER,"runner did not substitute __TENANT_SCHEMA__ before exec"
module/platform-core/455_qiyas_module_config_seed,platform-core,455_qiyas_module_config_seed,10,UNRESOLVED_TENANT_PLACEHOLDER,"runner did not substitute __TENANT_SCHEMA__ before exec"
module/platform-core/456_records_module_config_seed,platform-core,456_records_module_config_seed,10,UNRESOLVED_TENANT_PLACEHOLDER,"runner did not substitute __TENANT_SCHEMA__ before exec"
module/platform-core/457_remediation_module_config_seed,platform-core,457_remediation_module_config_seed,10,UNRESOLVED_TENANT_PLACEHOLDER,"runner did not substitute __TENANT_SCHEMA__ before exec"
module/platform-core/458_reporting_module_config_seed,platform-core,458_reporting_module_config_seed,10,UNRESOLVED_TENANT_PLACEHOLDER,"runner did not substitute __TENANT_SCHEMA__ before exec"
module/platform-core/459_team_module_config_seed,platform-core,459_team_module_config_seed,10,UNRESOLVED_TENANT_PLACEHOLDER,"runner did not substitute __TENANT_SCHEMA__ before exec"
module/platform-core/460_training_module_config_seed,platform-core,460_training_module_config_seed,10,UNRESOLVED_TENANT_PLACEHOLDER,"runner did not substitute __TENANT_SCHEMA__ before exec"
module/platform-core/461_vendor_module_config_seed,platform-core,461_vendor_module_config_seed,10,UNRESOLVED_TENANT_PLACEHOLDER,"runner did not substitute __TENANT_SCHEMA__ before exec"
module/platform-core/462_widgets_module_config_seed,platform-core,462_widgets_module_config_seed,10,UNRESOLVED_TENANT_PLACEHOLDER,"runner did not substitute __TENANT_SCHEMA__ before exec"
module/platform-core/463_workflow_module_config_seed,platform-core,463_workflow_module_config_seed,10,UNRESOLVED_TENANT_PLACEHOLDER,"runner did not substitute __TENANT_SCHEMA__ before exec"
module/platform-core/480_douhan_consult_tenant_seed,platform-core,480_douhan_consult_tenant_seed,10,UNRESOLVED_TENANT_PLACEHOLDER,"runner did not substitute __TENANT_SCHEMA__ before exec"
module/playbooks/001_initial_tables,playbooks,001_initial_tables,1,OTHER,"see raw error"
module/playbooks/002_enterprise_expansion,playbooks,002_enterprise_expansion,1,OTHER,"see raw error"
module/playbooks/027_extracted_from_027_tenant_schema_tables,playbooks,027_extracted_from_027_tenant_schema_tables,11,UNRESOLVED_TENANT_PLACEHOLDER,"runner did not substitute __TENANT_SCHEMA__ before exec"
module/policy/001_policy_tables,policy,001_policy_tables,1,OTHER,"see raw error"
module/policy/002_enterprise_expansion,policy,002_enterprise_expansion,1,OTHER,"see raw error"
module/policy/027_extracted_from_027_tenant_schema_tables,policy,027_extracted_from_027_tenant_schema_tables,11,UNRESOLVED_TENANT_PLACEHOLDER,"runner did not substitute __TENANT_SCHEMA__ before exec"
module/portals/001_portals_tables,portals,001_portals_tables,1,OTHER,"see raw error"
module/portals/002_enterprise_expansion,portals,002_enterprise_expansion,1,OTHER,"see raw error"
module/portals/027_extracted_from_027_tenant_schema_tables,portals,027_extracted_from_027_tenant_schema_tables,11,UNRESOLVED_TENANT_PLACEHOLDER,"runner did not substitute __TENANT_SCHEMA__ before exec"
module/privacy/001_initial_tables,privacy,001_initial_tables,1,OTHER,"see raw error"
module/privacy/002_enterprise_expansion,privacy,002_enterprise_expansion,1,OTHER,"see raw error"
module/privacy/027_extracted_from_027_tenant_schema_tables,privacy,027_extracted_from_027_tenant_schema_tables,11,UNRESOLVED_TENANT_PLACEHOLDER,"runner did not substitute __TENANT_SCHEMA__ before exec"
module/proactive-leadership/001_initial_tables,proactive-leadership,001_initial_tables,1,OTHER,"see raw error"
module/proactive-leadership/002_enterprise_expansion,proactive-leadership,002_enterprise_expansion,1,OTHER,"see raw error"
module/proactive-leadership/027_extracted_from_027_tenant_schema_tables,proactive-leadership,027_extracted_from_027_tenant_schema_tables,11,UNRESOLVED_TENANT_PLACEHOLDER,"runner did not substitute __TENANT_SCHEMA__ before exec"
module/qiyas/000_extracted_from_000_inline_baseline,qiyas,000_extracted_from_000_inline_baseline,1,OTHER,"see raw error"
module/qiyas/001_qiyas_tables,qiyas,001_qiyas_tables,1,OTHER,"see raw error"
module/qiyas/002_enterprise_expansion,qiyas,002_enterprise_expansion,1,OTHER,"see raw error"
module/qiyas/027_extracted_from_027_tenant_schema_tables,qiyas,027_extracted_from_027_tenant_schema_tables,11,UNRESOLVED_TENANT_PLACEHOLDER,"runner did not substitute __TENANT_SCHEMA__ before exec"
module/records/001_initial_tables,records,001_initial_tables,1,OTHER,"see raw error"
module/records/002_enterprise_expansion,records,002_enterprise_expansion,1,OTHER,"see raw error"
module/records/027_extracted_from_027_tenant_schema_tables,records,027_extracted_from_027_tenant_schema_tables,11,UNRESOLVED_TENANT_PLACEHOLDER,"runner did not substitute __TENANT_SCHEMA__ before exec"
module/remediation/001_remediation_tables,remediation,001_remediation_tables,1,OTHER,"see raw error"
module/remediation/002_enterprise_expansion,remediation,002_enterprise_expansion,1,OTHER,"see raw error"
module/remediation/027_extracted_from_027_tenant_schema_tables,remediation,027_extracted_from_027_tenant_schema_tables,11,UNRESOLVED_TENANT_PLACEHOLDER,"runner did not substitute __TENANT_SCHEMA__ before exec"
module/reporting/001_reporting_tables,reporting,001_reporting_tables,1,OTHER,"see raw error"
module/reporting/002_enterprise_expansion,reporting,002_enterprise_expansion,1,OTHER,"see raw error"
module/reporting/027_extracted_from_027_tenant_schema_tables,reporting,027_extracted_from_027_tenant_schema_tables,11,UNRESOLVED_TENANT_PLACEHOLDER,"runner did not substitute __TENANT_SCHEMA__ before exec"
module/risk/000_extracted_from_000_inline_baseline,risk,000_extracted_from_000_inline_baseline,1,OTHER,"see raw error"
module/risk/001_risk_tables,risk,001_risk_tables,1,OTHER,"see raw error"
module/risk/002_enterprise_expansion,risk,002_enterprise_expansion,1,OTHER,"see raw error"
module/risk/027_extracted_from_027_tenant_schema_tables,risk,027_extracted_from_027_tenant_schema_tables,11,UNRESOLVED_TENANT_PLACEHOLDER,"runner did not substitute __TENANT_SCHEMA__ before exec"
module/risk/040_risk_risks_soft_delete,risk,040_risk_risks_soft_delete,11,UNRESOLVED_TENANT_PLACEHOLDER,"runner did not substitute __TENANT_SCHEMA__ before exec"
module/risk/099_extracted_from_099_bootstrap_tenant_domain_tables,risk,099_extracted_from_099_bootstrap_tenant_domain_tables,1,OTHER,"see raw error"
module/risk/103_risk_scenarios,risk,103_risk_scenarios,1,OTHER,"see raw error"
module/risk/104_risk_team_ownership,risk,104_risk_team_ownership,2,OTHER,"see raw error"
module/risk/109_risk_production_readiness,risk,109_risk_production_readiness,2,OTHER,"see raw error"
module/risk/112_ai_model_risk_register_link,risk,112_ai_model_risk_register_link,2,OTHER,"see raw error"
module/risk/113_risk_scoring_tables_v1,risk,113_risk_scoring_tables_v1,1,OTHER,"see raw error"
module/risk/114_risk_scoring_tables_v2,risk,114_risk_scoring_tables_v2,1,OTHER,"see raw error"
module/risk/115_risk_scoring_tables_v3,risk,115_risk_scoring_tables_v3,1,OTHER,"see raw error"
module/risk/119_risk_scoring_tables_v4,risk,119_risk_scoring_tables_v4,1,OTHER,"see raw error"
module/risk/121_risk_spec_field_alignment,risk,121_risk_spec_field_alignment,2,OTHER,"see raw error"
module/risk/122_risk_review_approval_tables,risk,122_risk_review_approval_tables,1,OTHER,"see raw error"
module/risk/123_force_rls_everywhere,risk,123_force_rls_everywhere,11,UNRESOLVED_TENANT_PLACEHOLDER,"runner did not substitute __TENANT_SCHEMA__ before exec"
module/team/000_extracted_from_000_inline_baseline,team,000_extracted_from_000_inline_baseline,1,OTHER,"see raw error"
module/team/001_team_tables,team,001_team_tables,1,OTHER,"see raw error"
module/team/002_enterprise_expansion,team,002_enterprise_expansion,1,OTHER,"see raw error"
module/team/027_extracted_from_027_tenant_schema_tables,team,027_extracted_from_027_tenant_schema_tables,11,UNRESOLVED_TENANT_PLACEHOLDER,"runner did not substitute __TENANT_SCHEMA__ before exec"
module/team/028_team_structure_to_dos_views,team,028_team_structure_to_dos_views,11,UNRESOLVED_TENANT_PLACEHOLDER,"runner did not substitute __TENANT_SCHEMA__ before exec"
module/training/001_training_tables,training,001_training_tables,1,OTHER,"see raw error"
module/training/002_enterprise_expansion,training,002_enterprise_expansion,1,OTHER,"see raw error"
module/training/027_extracted_from_027_tenant_schema_tables,training,027_extracted_from_027_tenant_schema_tables,11,UNRESOLVED_TENANT_PLACEHOLDER,"runner did not substitute __TENANT_SCHEMA__ before exec"
module/vendor/001_vendor_tables,vendor,001_vendor_tables,1,OTHER,"see raw error"
module/vendor/002_enterprise_expansion,vendor,002_enterprise_expansion,1,OTHER,"see raw error"
module/vendor/027_extracted_from_027_tenant_schema_tables,vendor,027_extracted_from_027_tenant_schema_tables,11,UNRESOLVED_TENANT_PLACEHOLDER,"runner did not substitute __TENANT_SCHEMA__ before exec"
module/widgets/001_initial_tables,widgets,001_initial_tables,1,OTHER,"see raw error"
module/widgets/002_enterprise_expansion,widgets,002_enterprise_expansion,1,OTHER,"see raw error"
module/widgets/027_extracted_from_027_tenant_schema_tables,widgets,027_extracted_from_027_tenant_schema_tables,11,UNRESOLVED_TENANT_PLACEHOLDER,"runner did not substitute __TENANT_SCHEMA__ before exec"
module/workflow/000_extracted_from_000_inline_baseline,workflow,000_extracted_from_000_inline_baseline,1,OTHER,"see raw error"
module/workflow/001_workflow_tables,workflow,001_workflow_tables,1,OTHER,"see raw error"
module/workflow/002_enterprise_expansion,workflow,002_enterprise_expansion,1,OTHER,"see raw error"
module/workflow/003_co_draft_sessions,workflow,003_co_draft_sessions,11,UNRESOLVED_TENANT_PLACEHOLDER,"runner did not substitute __TENANT_SCHEMA__ before exec"
module/workflow/022_reconcile_workflow_tables,workflow,022_reconcile_workflow_tables,2,OTHER,"see raw error"
module/workflow/027_extracted_from_027_tenant_schema_tables,workflow,027_extracted_from_027_tenant_schema_tables,11,UNRESOLVED_TENANT_PLACEHOLDER,"runner did not substitute __TENANT_SCHEMA__ before exec"
