ai|_vectorizer_errors|f|f
ai|pgai_lib_feature_flag|f|f
ai|pgai_lib_migration|f|f
ai|pgai_lib_version|f|f
ai|semantic_catalog|f|f
ai|semantic_catalog_embedding|f|f
ai|vectorizer|f|f
ai|vectorizer_worker_process|f|f
ai|vectorizer_worker_progress|f|f
dos|access_review_items|f|f
dos|access_reviews|f|f
dos|action_items|f|f
dos|agent_action_receipts|f|f
dos|agent_evidence_links|f|f
dos|agent_memory|f|f
dos|agent_recommendations|f|f
dos|agent_run_steps|f|f
dos|agent_runs|f|f
dos|agrc_agent_memory|f|f
dos|agrc_agent_runs|f|f
dos|agrc_cycles|f|f
dos|agrc_discoveries|f|f
dos|agrc_handoffs|f|f
dos|agrc_proposed_actions|f|f
dos|agrc_tasks|f|f
dos|ai_agent_registry|f|f
dos|ai_model_registry|f|f
dos|ai_prompt_registry|f|f
dos|ai_workflow_trigger_log|f|f
dos|ai_workflow_triggers|f|f
dos|approval_matrix_rules|f|f
dos|assets|f|f
dos|audit_findings|f|f
dos|audit_log_archive|f|f
dos|audit_logs|f|f
dos|audit_plans|f|f
dos|audit_trail|t|t
dos|bcp_plans|f|f
dos|briefings|f|f
dos|business_units|t|t
dos|committee_meetings|f|f
dos|committee_members|t|t
dos|committees|t|t
dos|compliance_frameworks|f|f
dos|compliance_requirements|f|f
dos|component_registry|f|f
dos|config_audit_logs|f|f
dos|config_center_audit_log|f|f
dos|config_definitions|f|f
dos|config_locks|f|f
dos|config_runtime_overrides|f|f
dos|config_values|f|f
dos|controls|f|f
dos|dashboard_widgets|f|f
dos|dashboards|f|f
dos|departments|t|t
dos|dora_assessments|f|f
dos|dynamic_ui_actions|f|f
dos|dynamic_ui_agent_actions|f|f
dos|dynamic_ui_agent_squad_members|f|f
dos|dynamic_ui_agent_squads|f|f
dos|dynamic_ui_agents|f|f
dos|dynamic_ui_component_registry|f|f
dos|dynamic_ui_data_resources|f|f
dos|dynamic_ui_i18n_keys|f|f
dos|dynamic_ui_intents|f|f
dos|dynamic_ui_kpis|f|f
dos|dynamic_ui_module_icons|f|f
dos|dynamic_ui_module_status|f|f
dos|dynamic_ui_modules|f|f
dos|dynamic_ui_navigation|f|f
dos|dynamic_ui_navigation_icons|f|f
dos|dynamic_ui_page_agents|f|f
dos|dynamic_ui_route_permissions|f|f
dos|dynamic_ui_routes|f|f
dos|dynamic_ui_shells|f|f
dos|dynamic_ui_skill_packs|f|f
dos|dynamic_ui_tenant_overrides|f|f
dos|dynamic_ui_theme_tokens|f|f
dos|dynamic_ui_user_preferences|f|f
dos|dynamic_ui_widgets|f|f
dos|dynamic_ui_workflow_agents|f|f
dos|event_dead_letter_queue|f|f
dos|evidence|f|f
dos|evidences|f|f
dos|executive_briefings|f|f
dos|feature_flags|f|f
dos|foundation_authority_kinds|f|f
dos|foundation_cat_audit_actions|f|f
dos|foundation_cat_bu_templates|f|f
dos|foundation_cat_calendar_systems|f|f
dos|foundation_cat_coi_categories|f|f
dos|foundation_cat_committee_templates|f|f
dos|foundation_cat_data_classifications|f|f
dos|foundation_cat_dept_templates|f|f
dos|foundation_cat_lawful_bases|f|f
dos|foundation_cat_location_types|f|f
dos|foundation_cat_org_types|f|f
dos|foundation_cat_ownership_domains|f|f
dos|foundation_cat_position_templates|f|f
dos|foundation_cat_profile_types|f|f
dos|foundation_cat_readiness_dimensions|f|f
dos|foundation_cat_reference|f|f
dos|foundation_cat_role_templates|f|f
dos|foundation_cat_tenant_defaults|f|f
dos|foundation_coi_declarations|f|f
dos|foundation_employee_lifecycle_state|f|f
dos|foundation_employee_lifecycle_tasks|f|f
dos|foundation_employee_lifecycle_transitions|f|f
dos|foundation_employee_lifecycle_workflows|f|f
dos|foundation_policy_acknowledgments|f|f
dos|foundation_position_authority|f|f
dos|foundation_sod_rules|f|f
dos|foundation_sod_violations|f|f
dos|foundation_training_assignments|f|f
dos|foundation_training_courses|f|f
dos|framework_branching_rules|f|f
dos|framework_recommendation_rules|f|f
dos|governance_context|f|f
dos|governance_decisions|f|f
dos|governance_initiatives|f|f
dos|governance_os_cases|f|f
dos|governance_os_config|f|f
dos|governance_os_learning_metrics|f|f
dos|governance_os_learning_signals|f|f
dos|governance_policies|f|f
dos|inbox_items|f|f
dos|incidents|f|f
dos|integrations|f|f
dos|invitations|t|t
dos|job_executions|f|f
dos|job_registry|f|f
dos|leadership_digests|f|f
dos|lifecycle_auth_log|f|f
dos|location_bu_map|t|t
dos|locations|t|t
dos|login_attempts|f|f
dos|maturity_assessment_responses|f|f
dos|maturity_assessments|f|f
dos|maturity_dimension_definitions|f|f
dos|maturity_questions|f|f
dos|maturity_signals|f|f
dos|migration_history|f|f
dos|migration_lock|f|f
dos|mobile_sessions|f|f
dos|module_operating_state|f|f
dos|module_registry|f|f
dos|module_sla_defaults|f|f
dos|module_sod_rules|f|f
dos|navigation_registry|f|f
dos|notifications|f|f
dos|onboarding_journeys|f|f
dos|organizations|t|t
dos|orphan_schema_audit|f|f
dos|ownership_mappings|t|t
dos|platform_audit_logs|f|f
dos|platform_migrations|f|f
dos|platform_operation_config|f|f
dos|policies|f|f
dos|portals|f|f
dos|position_assignments|t|t
dos|positions|t|t
dos|privacy_assessments|f|f
dos|proactive_leadership_milestones|f|f
dos|product_licenses|f|f
dos|product_registry|f|f
dos|qiyas_journeys|f|f
dos|records|f|f
dos|remediation_actions|f|f
dos|remediations|f|f
dos|report_schedules|f|f
dos|risks|f|f
dos|runtime_config|f|f
dos|runtime_config_history|f|f
dos|schema_migrations|f|f
dos|shell_config|f|f
dos|sod_conflict_audit|f|f
dos|sso_identities|f|f
dos|sso_providers|f|f
dos|sso_role_mappings|f|f
dos|sso_sessions|f|f
dos|system_events|f|f
dos|team_members|f|f
dos|team_raci_assignments|f|f
dos|teams|t|t
dos|tenant_config_versions|f|f
dos|tenant_config_versions_legacy|f|f
dos|tenant_dashboard_widget_pins|f|f
dos|tenant_feature_flag_overrides|f|f
dos|tenant_memberships|f|f
dos|tenant_migrations|f|f
dos|tenant_product_activation|f|f
dos|tenant_settings|f|f
dos|tenant_settings_legacy|f|f
dos|tenants|f|f
dos|training_courses|f|f
dos|training_enrollments|f|f
dos|training_programs|f|f
dos|user_org_scope|f|f
dos|user_roles|f|f
dos|users|f|f
dos|vendor_engagement_scores|f|f
dos|vendors|f|f
dos|widgets|f|f
dos|work_items|f|f
dos|workflow_approvals|f|f
dos|workflow_instances|f|f
dos|workflow_schedules|f|f
dos|workflow_sla_configs|f|f
dos|workflow_tasks|f|f
dos|workflow_templates|f|f
dos|workspace_config|f|f
dos|workspaces|f|f
onb|ai_suggestions|f|f
onb|answers|f|f
onb|blockers|f|f
onb|feedback|f|f
onb|inferred_facts|f|f
onb|pack_modules|f|f
onb|product_packs|f|f
onb|recommendations|f|f
onb|scores|f|f
onb|session_stages|f|f
onb|stage_definitions|f|f
onb|startup_checklist|f|f
onb|templates|f|f
onb|translations|f|f
onb|ui_configs|f|f
platform_dauth|access_profiles|f|f
platform_dauth|access_profiles_legacy|f|f
platform_dauth|access_snapshots|f|f
platform_dauth|active_sessions|f|f
platform_dauth|actors|f|f
platform_dauth|api_keys|f|f
platform_dauth|approval_matrix_rules_template|f|f
platform_dauth|authorization_audit_log|f|f
platform_dauth|authz_decision_log|f|f
platform_dauth|delegations|f|f
platform_dauth|functional_roles|f|f
platform_dauth|invitations|f|f
platform_dauth|jwt_signing_keys|f|f
platform_dauth|keycloak_event_bridge_cursor|f|f
platform_dauth|keycloak_event_log|f|f
platform_dauth|lifecycle_auth_log_template|f|f
platform_dauth|lockout_state|f|f
platform_dauth|login_attempts|f|f
platform_dauth|mfa_recovery_codes|f|f
platform_dauth|oauth_clients|f|f
platform_dauth|oauth_grants|f|f
platform_dauth|password_policies|f|f
platform_dauth|permissions|f|f
platform_dauth|refresh_token_families|f|f
platform_dauth|role_permissions|f|f
platform_dauth|scim_api_tokens|f|f
platform_dauth|security_events|f|f
platform_dauth|sessions|f|f
platform_dauth|sessions_legacy|f|f
platform_dauth|sign_off_authorities_template|f|f
platform_dauth|sod_conflict_audit_template|f|f
platform_dauth|sod_rules|f|f
platform_dauth|token_blacklist|f|f
platform_dauth|user_access_profiles|f|f
platform_dauth|user_access_profiles_legacy|f|f
platform_dauth|user_mfa|f|f
platform_dauth|user_role_assignments|t|t
platform_dnoc|circuit_breaker_state|f|f
platform_dnoc|error_budget_snapshots|f|f
platform_dnoc|health_checks|f|f
platform_dnoc|logs|f|f
platform_dnoc|metrics|f|f
platform_dnoc|rate_limit_policies|f|f
platform_dnoc|route_hits|f|f
platform_dnoc|routes|f|f
platform_dnoc|service_dependencies|f|f
platform_dnoc|service_deployments|f|f
platform_dnoc|traces|f|f
platform_dos|event_outbox|f|f
platform_dos|feature_flag_overrides|f|f
platform_dos|feature_flags|f|f
platform_dos|idempotency_keys|f|f
platform_dos|migrations_applied|f|f
platform_dos|module_config|f|f
platform_dos|module_permissions|f|f
platform_dos|module_versions|f|f
platform_dos|modules_registry|f|f
platform_dos|outbox|f|f
platform_dos|platform_events_log|f|f
platform_dos|product_bundles|f|f
platform_dos|product_modules|f|f
platform_dos|product_services|f|f
platform_dos|products_registry|f|f
platform_dos|scheduled_job_runs|f|f
platform_dos|scheduled_jobs|f|f
platform_dos|services_registry|f|f
platform_dos|tenant_config|f|f
platform_dos|tenant_product_modules|f|f
platform_dos|tenant_products|f|f
platform_dos|tenant_provisioning_jobs|f|f
platform_dos|tenant_secrets_ref|f|f
platform_dos|tenant_services|f|f
platform_dos|tenants_registry|f|f
platform_dsoc|alerts|f|f
platform_dsoc|anomaly_signals|f|f
platform_dsoc|audit_log|f|f
platform_dsoc|detection_rules|f|f
platform_dsoc|incidents|f|f
platform_dsoc|investigation_notes|f|f
platform_dsoc|posture_findings|f|f
platform_dsoc|posture_snapshots|f|f
platform_dsoc|sod_violations|f|f
platform_dsoc|threat_indicators|f|f
public|active_alerts|f|f
public|agent_credentials|t|t
public|agent_feedback_log|f|f
public|agent_monitoring_targets|f|f
public|agent_performance_log|f|f
public|agent_priority_weights|f|f
public|agent_sod_policies|t|t
public|agent_tool_permissions|t|t
public|agrc_metrics_snapshots|f|f
public|agrc_os_cycle_log|f|f
public|ai_activity_alerts|f|f
public|ai_agent_registry|f|f
public|ai_alert_rules|f|f
public|ai_budgets|f|f
public|ai_employee_kpi_snapshots|t|f
public|ai_employee_reports|t|f
public|ai_employee_shifts|t|f
public|ai_impact_assessments|f|f
public|ai_smoke_scores|f|f
public|ai_system_registry|f|f
public|alert_definitions|f|f
public|alert_handler_registry|f|f
public|api_keys|f|f
public|approval_chains|f|f
public|approval_requests|f|f
public|approval_steps_log|f|f
public|as_built_ledger|f|f
public|asset_classification_scheme|f|f
public|asset_ownership_matrix|f|f
public|audit_trail_global|f|f
public|autonomous_engine_log|f|f
public|bcp_bia_templates|f|f
public|bcp_crisis_teams|f|f
public|bcp_exercise_schedule|f|f
public|bcp_rto_rpo_defaults|f|f
public|compliance_export_jobs|f|f
public|compliance_module_config|f|f
public|compliance_user_view_preferences|f|f
public|conditional_access_policies|f|f
public|config_runtime_overrides|f|f
public|content_packs|f|f
public|contract_catalog|f|f
public|contract_catalog_legacy|f|f
public|copilot_leads|f|f
public|copilot_messages|f|f
public|copilot_sessions|f|f
public|csrf_failures|f|f
public|csrf_security_policies|f|f
public|dead_letter_queue|f|f
public|dead_letter_queue_legacy|f|f
public|default_navigation_items|f|f
public|dos_compatibility_records|f|f
public|dos_cutover_executions|f|f
public|dos_cutover_plans|f|f
public|dos_feature_gates|f|f
public|dos_handover_locks|f|f
public|dos_handover_risks|f|f
public|dos_migrations|f|f
public|dos_quality_gates|f|f
public|dos_release_approvals|f|f
public|dos_releases|f|f
public|dos_verification_checks|f|f
public|dos_verification_runs|f|f
public|email_verification_tokens|f|f
public|enforcement_check_results|f|f
public|enforcement_runs|f|f
public|event_traces|f|f
public|event_traces_legacy|f|f
public|feature_flag_overrides|f|f
public|findings|f|f
public|framework_registry|f|f
public|grc_architecture_map|f|f
public|grc_audit_universe|f|f
public|grc_framework_dependencies|f|f
public|grc_frameworks|f|f
public|grc_kri_catalog|f|f
public|grc_maturity_model|f|f
public|grc_regulators|f|f
public|grc_risk_domain_coverage|f|f
public|grc_sector_framework_matrix|f|f
public|grc_sector_groups|f|f
public|iam_identities|f|f
public|incident_notification_templates|f|f
public|incident_response_actions|f|f
public|incident_response_teams|f|f
public|incident_severity_matrix|f|f
public|incident_updates|f|f
public|job_registry|f|f
public|lifecycle_checkpoints|f|f
public|lifecycle_checkpoints_legacy|f|f
public|lifecycle_transitions|f|f
public|lifecycle_transitions_legacy|f|f
public|login_attempts|f|f
public|lookup_cbb_categories|f|f
public|lookup_cbe_categories|f|f
public|lookup_cbk_licenses|f|f
public|lookup_cbo_licenses|f|f
public|lookup_cbuae_categories|f|f
public|lookup_cities|f|f
public|lookup_cloud_providers|f|f
public|lookup_cloud_regions|f|f
public|lookup_compliance_frameworks|f|f
public|lookup_countries|f|f
public|lookup_dfsa_licenses|f|f
public|lookup_employee_ranges|f|f
public|lookup_frameworks|f|f
public|lookup_grc_role_staffing|f|f
public|lookup_identity_providers|f|f
public|lookup_idsca_levels|f|f
public|lookup_iso_cert_bodies|f|f
public|lookup_languages|f|f
public|lookup_nca_sectors|f|f
public|lookup_ncec_sectors|f|f
public|lookup_org_types|f|f
public|lookup_pdpl_scopes|f|f
public|lookup_qcb_categories|f|f
public|lookup_risk_frameworks|f|f
public|lookup_sama_license_types|f|f
public|lookup_sama_tiers|f|f
public|lookup_sectors|f|f
public|lookup_siem_providers|f|f
public|lookup_sso_providers|f|f
public|lookup_sub_sectors|f|f
public|lookup_tables|f|f
public|lookup_team_functions|f|f
public|lookup_timezones|f|f
public|lookup_tra_licenses|f|f
public|lookup_uae_free_zones|f|f
public|mcp_agent_registry|f|f
public|mcp_audit_log|t|t
public|mcp_prompt_registry|f|f
public|mcp_prompts|t|t
public|mcp_resource_registry|f|f
public|mcp_resources|t|t
public|mcp_servers|t|t
public|mcp_sessions|t|t
public|mcp_tool_invocations|t|t
public|mcp_tool_registry|f|f
public|mcp_tools|t|t
public|module_dependencies|f|f
public|module_health_events|f|f
public|module_visibility_contracts|f|f
public|module_visibility_contracts_legacy|f|f
public|onboarding_answer_analytics|f|f
public|onboarding_answers|f|f
public|onboarding_configs|f|f
public|onboarding_framework_rules|f|f
public|onboarding_handoff_agent_findings|f|f
public|onboarding_handoff_agent_runs|f|f
public|onboarding_handoff_evidence_requests|f|f
public|onboarding_handoff_invitations|f|f
public|onboarding_inference_bundles|f|f
public|onboarding_inference_feedback|f|f
public|onboarding_inference_items|f|f
public|onboarding_module_rules|f|f
public|onboarding_persona_rules|f|f
public|onboarding_provisioning_intent|f|f
public|onboarding_question_audit|f|f
public|onboarding_question_bank|f|f
public|onboarding_regulator_rules|f|f
public|onboarding_session_answers|f|f
public|onboarding_session_progress|f|f
public|onboarding_sessions|f|f
public|onboarding_sla_config|f|f
public|onboarding_workspace_handoff_cycles|f|f
public|org_pack_template_departments|f|f
public|org_pack_template_permissions|f|f
public|org_pack_template_profiles|f|f
public|org_pack_template_role_permissions|f|f
public|org_pack_template_roles|f|f
public|org_pack_template_sections|f|f
public|org_pack_template_sod_rules|f|f
public|org_pack_template_teams|f|f
public|org_pack_template_workflows|f|f
public|org_pack_templates|f|f
public|password_reset_tokens|f|f
public|pdpl_consents|f|f
public|pending_workflow_tasks|f|f
public|permission_usage|f|f
public|pl_profiler_saved|f|f
public|pl_profiler_saved_callgraph|f|f
public|pl_profiler_saved_functions|f|f
public|pl_profiler_saved_linestats|f|f
public|platform_outbox|f|f
public|platform_outbox_archive|f|f
public|platform_products|f|f
public|powa_all_indexes_history|f|f
public|powa_all_indexes_history_current|f|f
public|powa_all_indexes_history_current_db|f|f
public|powa_all_indexes_history_db|f|f
public|powa_all_indexes_src_tmp|f|f
public|powa_all_tables_history|f|f
public|powa_all_tables_history_current|f|f
public|powa_all_tables_history_current_db|f|f
public|powa_all_tables_history_db|f|f
public|powa_all_tables_src_tmp|f|f
public|powa_catalog_attribute|f|f
public|powa_catalog_attribute_src_tmp|f|f
public|powa_catalog_class|f|f
public|powa_catalog_class_src_tmp|f|f
public|powa_catalog_collation|f|f
public|powa_catalog_collation_src_tmp|f|f
public|powa_catalog_database_src_tmp|f|f
public|powa_catalog_databases|f|f
public|powa_catalog_language|f|f
public|powa_catalog_language_src_tmp|f|f
public|powa_catalog_namespace|f|f
public|powa_catalog_namespace_src_tmp|f|f
public|powa_catalog_proc|f|f
public|powa_catalog_proc_src_tmp|f|f
public|powa_catalog_role_src_tmp|f|f
public|powa_catalog_roles|f|f
public|powa_catalog_src_queries|f|f
public|powa_catalog_type|f|f
public|powa_catalog_type_src_tmp|f|f
public|powa_catalogs|f|f
public|powa_databases|f|f
public|powa_databases_src_tmp|f|f
public|powa_db_module_config|f|f
public|powa_db_module_functions|f|f
public|powa_db_module_src_queries|f|f
public|powa_db_modules|f|f
public|powa_extension_config|f|f
public|powa_extension_functions|f|f
public|powa_extensions|f|f
public|powa_kcache_metrics|f|f
public|powa_kcache_metrics_current|f|f
public|powa_kcache_metrics_current_db|f|f
public|powa_kcache_metrics_db|f|f
public|powa_kcache_src_tmp|f|f
public|powa_module_config|f|f
public|powa_module_functions|f|f
public|powa_modules|f|f
public|powa_qualstats_constvalues_history|f|f
public|powa_qualstats_constvalues_history_current|f|f
public|powa_qualstats_quals|f|f
public|powa_qualstats_quals_history|f|f
public|powa_qualstats_quals_history_current|f|f
public|powa_qualstats_src_tmp|f|f
public|powa_replication_slots_history|f|f
public|powa_replication_slots_history_current|f|f
public|powa_replication_slots_src_tmp|f|f
public|powa_roles|f|f
public|powa_servers|f|f
public|powa_snapshot_metas|f|f
public|powa_stat_activity_history|f|f
public|powa_stat_activity_history_current|f|f
public|powa_stat_activity_src_tmp|f|f
public|powa_stat_archiver_history|f|f
public|powa_stat_archiver_history_current|f|f
public|powa_stat_archiver_src_tmp|f|f
public|powa_stat_bgwriter_history|f|f
public|powa_stat_bgwriter_history_current|f|f
public|powa_stat_bgwriter_src_tmp|f|f
public|powa_stat_checkpointer_history|f|f
public|powa_stat_checkpointer_history_current|f|f
public|powa_stat_checkpointer_src_tmp|f|f
public|powa_stat_database_conflicts_history|f|f
public|powa_stat_database_conflicts_history_current|f|f
public|powa_stat_database_conflicts_src_tmp|f|f
public|powa_stat_database_history|f|f
public|powa_stat_database_history_current|f|f
public|powa_stat_database_src_tmp|f|f
public|powa_stat_io_history|f|f
public|powa_stat_io_history_current|f|f
public|powa_stat_io_src_tmp|f|f
public|powa_stat_replication_history|f|f
public|powa_stat_replication_history_current|f|f
public|powa_stat_replication_src_tmp|f|f
public|powa_stat_slru_history|f|f
public|powa_stat_slru_history_current|f|f
public|powa_stat_slru_src_tmp|f|f
public|powa_stat_subscription_history|f|f
public|powa_stat_subscription_history_current|f|f
public|powa_stat_subscription_src_tmp|f|f
public|powa_stat_subscription_stats_history|f|f
public|powa_stat_subscription_stats_history_current|f|f
public|powa_stat_subscription_stats_src_tmp|f|f
public|powa_stat_wal_history|f|f
public|powa_stat_wal_history_current|f|f
public|powa_stat_wal_receiver_history|f|f
public|powa_stat_wal_receiver_history_current|f|f
public|powa_stat_wal_receiver_src_tmp|f|f
public|powa_stat_wal_src_tmp|f|f
public|powa_statements|f|f
public|powa_statements_history|f|f
public|powa_statements_history_current|f|f
public|powa_statements_history_current_db|f|f
public|powa_statements_history_db|f|f
public|powa_statements_src_tmp|f|f
public|powa_user_functions_history|f|f
public|powa_user_functions_history_current|f|f
public|powa_user_functions_history_current_db|f|f
public|powa_user_functions_history_db|f|f
public|powa_user_functions_src_tmp|f|f
public|powa_wait_sampling_history|f|f
public|powa_wait_sampling_history_current|f|f
public|powa_wait_sampling_history_current_db|f|f
public|powa_wait_sampling_history_db|f|f
public|powa_wait_sampling_src_tmp|f|f
public|privacy_breaches|f|f
public|privacy_budgets|f|f
public|privacy_consent_log|f|f
public|privacy_dsr_requests|f|f
public|privacy_processing_activities|f|f
public|privacy_retention_policies|f|f
public|processed_events|f|f
public|product_modules|f|f
public|product_registry|f|f
public|provisioning_events|f|f
public|provisioning_idempotency|f|f
public|provisioning_jobs|f|f
public|provisioning_step_definitions|f|f
public|provisioning_step_runs|f|f
public|provisioning_steps|f|f
public|provisioning_telemetry|f|f
public|provisioning_telemetry_legacy|f|f
public|recovery_actions|f|f
public|refresh_tokens|f|f
public|register_idempotency|f|f
public|regulatory_controls|f|f
public|regulatory_frameworks|f|f
public|reliability_dead_letter|f|f
public|retired_entities|f|f
public|risk_score_history|f|f
public|roles_pre_phase200_quarantine|f|f
public|runbook_definitions|f|f
public|runtime_config|f|f
public|runtime_config_legacy|f|f
public|schema_migrations|f|f
public|secret_references|f|f
public|sector_isic_map|f|f
public|seed_history|f|f
public|session_security_events|f|f
public|shell_extensions|f|f
public|shell_extensions_legacy|f|f
public|slo_current_values|f|f
public|slo_definitions|f|f
public|sod_rules|f|f
public|sod_waivers|f|f
public|spatial_ref_sys|f|f
public|subscriptions|f|f
public|team_change_log|f|f
public|team_settings|f|f
public|team_versions|f|f
public|tenant_boundary_configs|f|f
public|tenant_entitlement_profile|f|f
public|tenant_module_entitlement_registry|f|f
public|tenant_status_transitions|f|f
public|tenant_user_memberships|f|f
public|tenant_user_memberships_legacy|f|f
public|tenants|f|f
public|tier_definitions|f|f
public|unresolved_risks|f|f
public|user_mfa|f|f
public|user_view_preferences|t|t
public|users|f|t
public|vulnerabilities|f|f
