ai._vectorizer_errors|ai.vectorizer|vectorizer_errors_id_fkey
ai.semantic_catalog_embedding|ai.semantic_catalog|semantic_catalog_embedding_semantic_catalog_id_fkey
ai.vectorizer_worker_progress|ai.vectorizer|vectorizer_worker_progress_vectorizer_id_fkey
dos.access_review_items|dos.access_reviews|access_review_items_review_id_fkey
dos.action_items|dos.remediations|action_items_remediation_id_fkey
dos.agent_action_receipts|dos.agent_runs|agent_action_receipts_run_id_fkey
dos.agent_evidence_links|dos.agent_runs|agent_evidence_links_run_id_fkey
dos.agent_run_steps|dos.agent_runs|agent_run_steps_run_id_fkey
dos.agrc_agent_runs|dos.agrc_cycles|agrc_agent_runs_cycle_id_fkey
dos.agrc_discoveries|dos.agrc_agent_runs|agrc_discoveries_run_id_fkey
dos.agrc_discoveries|dos.agrc_cycles|agrc_discoveries_cycle_id_fkey
dos.agrc_proposed_actions|dos.agrc_agent_runs|agrc_proposed_actions_run_id_fkey
dos.agrc_proposed_actions|dos.agrc_cycles|agrc_proposed_actions_cycle_id_fkey
dos.ai_workflow_trigger_log|dos.ai_workflow_triggers|ai_workflow_trigger_log_trigger_id_fkey
dos.business_units|dos.organizations|business_units_organization_id_fkey
dos.committee_meetings|dos.committees|committee_meetings_committee_id_fkey
dos.committee_members|dos.committees|committee_members_committee_id_fkey
dos.compliance_requirements|dos.compliance_frameworks|compliance_requirements_framework_id_fkey
dos.config_values|dos.config_definitions|config_values_definition_id_fkey
dos.controls|dos.compliance_frameworks|controls_framework_id_fkey
dos.dynamic_ui_actions|dos.dynamic_ui_modules|dynamic_ui_actions_module_code_fkey
dos.dynamic_ui_agent_actions|dos.dynamic_ui_modules|dynamic_ui_agent_actions_module_code_fkey
dos.dynamic_ui_agent_squad_members|dos.dynamic_ui_agent_squads|dynamic_ui_agent_squad_members_squad_id_fkey
dos.dynamic_ui_agent_squad_members|dos.dynamic_ui_agents|dynamic_ui_agent_squad_members_agent_id_fkey
dos.dynamic_ui_agent_squads|dos.dynamic_ui_agents|dynamic_ui_agent_squads_orchestrator_agent_id_fkey
dos.dynamic_ui_agent_squads|dos.dynamic_ui_modules|dynamic_ui_agent_squads_module_code_fkey
dos.dynamic_ui_agents|dos.dynamic_ui_modules|dynamic_ui_agents_module_code_fkey
dos.dynamic_ui_data_resources|dos.dynamic_ui_modules|dynamic_ui_data_resources_module_code_fkey
dos.dynamic_ui_i18n_keys|dos.dynamic_ui_modules|dynamic_ui_i18n_keys_module_code_fkey
dos.dynamic_ui_intents|dos.dynamic_ui_modules|dynamic_ui_intents_module_code_fkey
dos.dynamic_ui_kpis|dos.dynamic_ui_modules|dynamic_ui_kpis_module_code_fkey
dos.dynamic_ui_module_status|dos.dynamic_ui_modules|dynamic_ui_module_status_module_code_fkey
dos.dynamic_ui_navigation|dos.dynamic_ui_modules|dynamic_ui_navigation_module_code_fkey
dos.dynamic_ui_navigation|dos.dynamic_ui_navigation|dynamic_ui_navigation_parent_id_fkey
dos.dynamic_ui_page_agents|dos.dynamic_ui_agents|dynamic_ui_page_agents_agent_id_fkey
dos.dynamic_ui_page_agents|dos.dynamic_ui_modules|dynamic_ui_page_agents_module_code_fkey
dos.dynamic_ui_route_permissions|dos.dynamic_ui_routes|dynamic_ui_route_permissions_route_id_fkey
dos.dynamic_ui_routes|dos.dynamic_ui_modules|dynamic_ui_routes_module_code_fkey
dos.dynamic_ui_shells|dos.dynamic_ui_modules|dynamic_ui_shells_module_code_fkey
dos.dynamic_ui_theme_tokens|dos.dynamic_ui_modules|dynamic_ui_theme_tokens_module_code_fkey
dos.dynamic_ui_widgets|dos.dynamic_ui_modules|dynamic_ui_widgets_module_code_fkey
dos.dynamic_ui_workflow_agents|dos.dynamic_ui_agents|dynamic_ui_workflow_agents_agent_id_fkey
dos.dynamic_ui_workflow_agents|dos.dynamic_ui_modules|dynamic_ui_workflow_agents_module_code_fkey
dos.foundation_position_authority|dos.foundation_authority_kinds|foundation_position_authority_authority_kind_fkey
dos.governance_decisions|dos.committees|governance_decisions_committee_id_fkey
dos.incidents|dos.risks|fk_incidents_risk_id
dos.incidents|dos.risks|incidents_risk_id_fkey
dos.location_bu_map|dos.business_units|location_bu_map_bu_id_fkey
dos.location_bu_map|dos.locations|location_bu_map_location_id_fkey
dos.position_assignments|dos.positions|position_assignments_position_id_fkey
dos.positions|dos.business_units|positions_bu_id_fkey
dos.team_members|dos.teams|fk_dos_team_members_team
dos.tenant_migrations|dos.tenants|fk_tenant_migrations_tenant
dos.training_enrollments|dos.training_courses|training_enrollments_course_id_fkey
dos.widgets|dos.dashboards|widgets_dashboard_id_fkey
dos.workflow_approvals|dos.workflow_instances|workflow_approvals_workflow_instance_id_fkey
dos.workflow_tasks|dos.workflow_instances|workflow_tasks_instance_id_fkey
onb.pack_modules|onb.product_packs|pack_modules_pack_code_fkey
platform_dauth.oauth_grants|platform_dauth.oauth_clients|oauth_grants_client_id_fkey
platform_dnoc.route_hits|platform_dnoc.routes|route_hits_route_id_fkey
platform_dnoc.service_deployments|platform_dnoc.service_deployments|service_deployments_rollback_of_fkey
platform_dos.feature_flag_overrides|platform_dos.feature_flags|feature_flag_overrides_flag_code_fkey
platform_dos.feature_flag_overrides|platform_dos.tenants_registry|feature_flag_overrides_tenant_id_fkey
platform_dos.feature_flags|platform_dos.modules_registry|feature_flags_owner_module_fkey
platform_dos.module_config|platform_dos.modules_registry|module_config_module_code_fkey
platform_dos.module_config|platform_dos.tenants_registry|module_config_tenant_id_fkey
platform_dos.module_permissions|platform_dos.modules_registry|module_permissions_module_code_fkey
platform_dos.module_versions|platform_dos.modules_registry|module_versions_module_code_fkey
platform_dos.product_bundles|platform_dos.products_registry|product_bundles_product_code_fkey
platform_dos.product_modules|platform_dos.modules_registry|product_modules_module_code_fkey
platform_dos.product_modules|platform_dos.products_registry|product_modules_product_code_fkey
platform_dos.product_services|platform_dos.products_registry|product_services_product_code_fkey
platform_dos.product_services|platform_dos.services_registry|product_services_service_code_fkey
platform_dos.scheduled_job_runs|platform_dos.scheduled_jobs|scheduled_job_runs_job_id_fkey
platform_dos.tenant_config|platform_dos.tenants_registry|tenant_config_tenant_id_fkey
platform_dos.tenant_product_modules|platform_dos.product_modules|tenant_product_modules_product_code_module_code_fkey
platform_dos.tenant_product_modules|platform_dos.tenant_products|tenant_product_modules_tenant_id_product_code_fkey
platform_dos.tenant_products|platform_dos.products_registry|tenant_products_product_code_fkey
platform_dos.tenant_products|platform_dos.tenants_registry|tenant_products_tenant_id_fkey
platform_dos.tenant_secrets_ref|platform_dos.tenants_registry|tenant_secrets_ref_tenant_id_fkey
platform_dos.tenant_services|platform_dos.product_services|tenant_services_product_code_service_code_fkey
platform_dos.tenant_services|platform_dos.tenant_products|tenant_services_tenant_id_product_code_fkey
platform_dsoc.alerts|platform_dsoc.audit_log|alerts_audit_event_id_fkey
platform_dsoc.investigation_notes|platform_dsoc.alerts|investigation_notes_alert_id_fkey
platform_dsoc.investigation_notes|platform_dsoc.incidents|investigation_notes_incident_id_fkey
platform_dsoc.posture_findings|platform_dsoc.posture_snapshots|posture_findings_snapshot_id_fkey
public.approval_requests|public.approval_chains|approval_requests_chain_id_fkey
public.approval_steps_log|public.approval_requests|approval_steps_log_request_id_fkey
public.dos_cutover_executions|public.dos_cutover_plans|dos_cutover_executions_cutover_id_fkey
public.dos_verification_checks|public.dos_verification_runs|dos_verification_checks_run_id_fkey
public.enforcement_check_results|public.enforcement_runs|enforcement_check_results_run_id_fkey
public.grc_frameworks|public.grc_regulators|grc_frameworks_regulator_code_fkey
public.grc_frameworks|public.grc_sector_groups|grc_frameworks_group_code_fkey
public.grc_regulators|public.grc_sector_groups|grc_regulators_group_code_fkey
public.grc_sector_framework_matrix|public.grc_sector_groups|grc_sector_framework_matrix_group_code_fkey
public.incident_response_actions|dos.incidents|incident_response_actions_incident_id_fkey
public.incident_updates|dos.incidents|incident_updates_incident_id_fkey
public.lookup_cities|public.lookup_countries|lookup_cities_country_code_fkey
public.lookup_cloud_regions|public.lookup_cloud_providers|lookup_cloud_regions_provider_code_fkey
public.lookup_sub_sectors|public.lookup_sectors|lookup_sub_sectors_sector_code_fkey
public.mcp_prompt_registry|public.mcp_agent_registry|mcp_prompt_registry_agent_id_fkey
public.mcp_prompts|public.mcp_servers|mcp_prompts_server_id_fkey
public.mcp_resources|public.mcp_servers|mcp_resources_server_id_fkey
public.mcp_sessions|public.mcp_servers|mcp_sessions_server_id_fkey
public.mcp_tool_invocations|public.mcp_sessions|mcp_tool_invocations_session_id_fkey
public.mcp_tool_invocations|public.mcp_tools|mcp_tool_invocations_tool_id_fkey
public.mcp_tool_registry|public.mcp_agent_registry|mcp_tool_registry_agent_id_fkey
public.mcp_tools|public.mcp_servers|mcp_tools_server_id_fkey
public.onboarding_answers|public.onboarding_sessions|onboarding_answers_session_id_fkey
public.onboarding_handoff_agent_findings|public.onboarding_handoff_agent_runs|onboarding_handoff_agent_findings_run_id_fkey
public.onboarding_handoff_agent_runs|public.onboarding_workspace_handoff_cycles|onboarding_handoff_agent_runs_cycle_id_fkey
public.onboarding_handoff_evidence_requests|public.onboarding_handoff_agent_runs|onboarding_handoff_evidence_requests_agent_run_id_fkey
public.onboarding_handoff_evidence_requests|public.onboarding_workspace_handoff_cycles|onboarding_handoff_evidence_requests_cycle_id_fkey
public.onboarding_handoff_invitations|public.onboarding_handoff_agent_runs|onboarding_handoff_invitations_agent_run_id_fkey
public.onboarding_handoff_invitations|public.onboarding_workspace_handoff_cycles|onboarding_handoff_invitations_cycle_id_fkey
public.onboarding_inference_feedback|public.onboarding_inference_items|onboarding_inference_feedback_item_id_fkey
public.onboarding_inference_items|public.onboarding_inference_bundles|onboarding_inference_items_bundle_id_fkey
public.onboarding_question_bank|public.lookup_tables|fk_lookup_table
public.onboarding_session_answers|public.onboarding_sessions|onboarding_session_answers_session_id_fkey
public.onboarding_session_progress|public.onboarding_sessions|onboarding_session_progress_session_id_fkey
public.org_pack_template_departments|public.org_pack_templates|org_pack_template_departments_pack_code_fkey
public.org_pack_template_permissions|public.org_pack_templates|org_pack_template_permissions_pack_code_fkey
public.org_pack_template_profiles|public.org_pack_templates|org_pack_template_profiles_pack_code_fkey
public.org_pack_template_role_permissions|public.org_pack_templates|org_pack_template_role_permissions_pack_code_fkey
public.org_pack_template_roles|public.org_pack_templates|org_pack_template_roles_pack_code_fkey
public.org_pack_template_sections|public.org_pack_templates|org_pack_template_sections_pack_code_fkey
public.org_pack_template_sod_rules|public.org_pack_templates|org_pack_template_sod_rules_pack_code_fkey
public.org_pack_template_teams|public.org_pack_templates|org_pack_template_teams_pack_code_fkey
public.org_pack_template_workflows|public.org_pack_templates|org_pack_template_workflows_pack_code_fkey
public.pl_profiler_saved_callgraph|public.pl_profiler_saved|pl_profiler_saved_callgraph_c_s_id_fkey
public.pl_profiler_saved_functions|public.pl_profiler_saved|pl_profiler_saved_functions_f_s_id_fkey
public.pl_profiler_saved_linestats|public.pl_profiler_saved|pl_profiler_saved_linestats_l_s_id_fkey
public.powa_all_indexes_history|public.powa_servers|powa_all_indexes_history_srvid_fkey
public.powa_all_indexes_history_current|public.powa_servers|powa_all_indexes_history_current_srvid_fkey
public.powa_all_indexes_history_current_db|public.powa_servers|powa_all_indexes_history_current_db_srvid_fkey
public.powa_all_indexes_history_db|public.powa_servers|powa_all_indexes_history_db_srvid_fkey
public.powa_all_tables_history|public.powa_servers|powa_all_tables_history_srvid_fkey
public.powa_all_tables_history_current|public.powa_servers|powa_all_tables_history_current_srvid_fkey
public.powa_all_tables_history_current_db|public.powa_servers|powa_all_tables_history_current_db_srvid_fkey
public.powa_all_tables_history_db|public.powa_servers|powa_all_tables_history_db_srvid_fkey
public.powa_catalog_attribute|public.powa_catalog_databases|powa_catalog_attribute_srvid_dbid_fkey
public.powa_catalog_attribute|public.powa_servers|powa_catalog_attribute_srvid_fkey
public.powa_catalog_class|public.powa_catalog_databases|powa_catalog_class_srvid_dbid_fkey
public.powa_catalog_class|public.powa_servers|powa_catalog_class_srvid_fkey
public.powa_catalog_collation|public.powa_catalog_databases|powa_catalog_collation_srvid_dbid_fkey
public.powa_catalog_collation|public.powa_servers|powa_catalog_collation_srvid_fkey
public.powa_catalog_databases|public.powa_servers|powa_catalog_databases_srvid_fkey
public.powa_catalog_language|public.powa_catalog_databases|powa_catalog_language_srvid_dbid_fkey
public.powa_catalog_language|public.powa_servers|powa_catalog_language_srvid_fkey
public.powa_catalog_namespace|public.powa_catalog_databases|powa_catalog_namespace_srvid_dbid_fkey
public.powa_catalog_namespace|public.powa_servers|powa_catalog_namespace_srvid_fkey
public.powa_catalog_proc|public.powa_catalog_databases|powa_catalog_proc_srvid_dbid_fkey
public.powa_catalog_proc|public.powa_servers|powa_catalog_proc_srvid_fkey
public.powa_catalog_roles|public.powa_servers|powa_catalog_roles_srvid_fkey
public.powa_catalog_src_queries|public.powa_catalogs|powa_catalog_src_queries_catname_fkey
public.powa_catalog_type|public.powa_catalog_databases|powa_catalog_type_srvid_dbid_fkey
public.powa_catalog_type|public.powa_servers|powa_catalog_type_srvid_fkey
public.powa_databases|public.powa_servers|powa_databases_srvid_fkey
public.powa_db_module_config|public.powa_db_modules|powa_db_module_config_db_module_fkey
public.powa_db_module_config|public.powa_servers|powa_db_module_config_srvid_fkey
public.powa_db_module_functions|public.powa_db_modules|powa_db_module_functions_db_module_fkey
public.powa_db_module_src_queries|public.powa_db_modules|powa_db_module_src_queries_db_module_fkey
public.powa_extension_config|public.powa_extensions|powa_extension_config_extname_fkey
public.powa_extension_config|public.powa_servers|powa_extension_config_srvid_fkey
public.powa_extension_functions|public.powa_extensions|powa_extension_functions_extname_fkey
public.powa_kcache_metrics|public.powa_servers|powa_kcache_metrics_srvid_fkey
public.powa_kcache_metrics_current|public.powa_servers|powa_kcache_metrics_current_srvid_fkey
public.powa_kcache_metrics_current_db|public.powa_servers|powa_kcache_metrics_current_db_srvid_fkey
public.powa_kcache_metrics_db|public.powa_servers|powa_kcache_metrics_db_srvid_fkey
public.powa_module_config|public.powa_modules|powa_module_config_module_fkey
public.powa_module_config|public.powa_servers|powa_module_config_srvid_fkey
public.powa_module_functions|public.powa_modules|powa_module_functions_module_fkey
public.powa_qualstats_constvalues_history|public.powa_qualstats_quals|powa_qualstats_constvalues_hi_srvid_qualid_queryid_dbid_us_fkey
public.powa_qualstats_constvalues_history_current|public.powa_qualstats_quals|powa_qualstats_constvalues_h_srvid_qualid_queryid_dbid_us_fkey1
public.powa_qualstats_quals|public.powa_statements|powa_qualstats_quals_srvid_queryid_dbid_userid_fkey
public.powa_qualstats_quals_history|public.powa_qualstats_quals|powa_qualstats_quals_history_srvid_qualid_queryid_dbid_use_fkey
public.powa_qualstats_quals_history_current|public.powa_qualstats_quals|powa_qualstats_quals_history__srvid_qualid_queryid_dbid_us_fkey
public.powa_replication_slots_history|public.powa_servers|powa_replication_slots_history_srvid_fkey
public.powa_replication_slots_history_current|public.powa_servers|powa_replication_slots_history_current_srvid_fkey
public.powa_snapshot_metas|public.powa_servers|powa_snapshot_metas_srvid_fkey
public.powa_stat_activity_history|public.powa_servers|powa_stat_activity_history_srvid_fkey
public.powa_stat_activity_history_current|public.powa_servers|powa_stat_activity_history_current_srvid_fkey
public.powa_stat_archiver_history|public.powa_servers|powa_stat_archiver_history_srvid_fkey
public.powa_stat_archiver_history_current|public.powa_servers|powa_stat_archiver_history_current_srvid_fkey
public.powa_stat_bgwriter_history|public.powa_servers|powa_stat_bgwriter_history_srvid_fkey
public.powa_stat_bgwriter_history_current|public.powa_servers|powa_stat_bgwriter_history_current_srvid_fkey
public.powa_stat_checkpointer_history|public.powa_servers|powa_stat_checkpointer_history_srvid_fkey
public.powa_stat_checkpointer_history_current|public.powa_servers|powa_stat_checkpointer_history_current_srvid_fkey
public.powa_stat_database_conflicts_history|public.powa_servers|powa_stat_database_conflicts_history_srvid_fkey
public.powa_stat_database_conflicts_history_current|public.powa_servers|powa_stat_database_conflicts_history_current_srvid_fkey
public.powa_stat_database_history|public.powa_servers|powa_stat_database_history_srvid_fkey
public.powa_stat_database_history_current|public.powa_servers|powa_stat_database_history_current_srvid_fkey
public.powa_stat_io_history|public.powa_servers|powa_stat_io_history_srvid_fkey
public.powa_stat_io_history_current|public.powa_servers|powa_stat_io_history_current_srvid_fkey
public.powa_stat_replication_history|public.powa_servers|powa_stat_replication_history_srvid_fkey
public.powa_stat_replication_history_current|public.powa_servers|powa_stat_replication_history_current_srvid_fkey
public.powa_stat_slru_history|public.powa_servers|powa_stat_slru_history_srvid_fkey
public.powa_stat_slru_history_current|public.powa_servers|powa_stat_slru_history_current_srvid_fkey
public.powa_stat_subscription_history|public.powa_servers|powa_stat_subscription_history_srvid_fkey
public.powa_stat_subscription_history_current|public.powa_servers|powa_stat_subscription_history_current_srvid_fkey
public.powa_stat_subscription_stats_history|public.powa_servers|powa_stat_subscription_stats_history_srvid_fkey
public.powa_stat_subscription_stats_history_current|public.powa_servers|powa_stat_subscription_stats_history_current_srvid_fkey
public.powa_stat_wal_history|public.powa_servers|powa_stat_wal_history_srvid_fkey
public.powa_stat_wal_history_current|public.powa_servers|powa_stat_wal_history_current_srvid_fkey
public.powa_stat_wal_receiver_history|public.powa_servers|powa_stat_wal_receiver_history_srvid_fkey
public.powa_stat_wal_receiver_history_current|public.powa_servers|powa_stat_wal_receiver_history_current_srvid_fkey
public.powa_statements|public.powa_databases|powa_statements_srvid_dbid_fkey
public.powa_statements|public.powa_servers|powa_statements_srvid_fkey
public.powa_statements_history|public.powa_servers|powa_statements_history_srvid_fkey
public.powa_statements_history_current|public.powa_servers|powa_statements_history_current_srvid_fkey
public.powa_statements_history_current_db|public.powa_servers|powa_statements_history_current_db_srvid_fkey
public.powa_statements_history_db|public.powa_servers|powa_statements_history_db_srvid_fkey
public.powa_user_functions_history|public.powa_servers|powa_user_functions_history_srvid_fkey
public.powa_user_functions_history_current|public.powa_servers|powa_user_functions_history_current_srvid_fkey
public.powa_user_functions_history_current_db|public.powa_servers|powa_user_functions_history_current_db_srvid_fkey
public.powa_user_functions_history_db|public.powa_servers|powa_user_functions_history_db_srvid_fkey
public.powa_wait_sampling_history|public.powa_servers|powa_wait_sampling_history_srvid_fkey
public.powa_wait_sampling_history_current|public.powa_servers|powa_wait_sampling_history_current_srvid_fkey
public.powa_wait_sampling_history_current_db|public.powa_servers|powa_wait_sampling_history_current_db_srvid_fkey
public.powa_wait_sampling_history_db|public.powa_servers|powa_wait_sampling_history_db_srvid_fkey
public.provisioning_events|public.provisioning_jobs|provisioning_events_job_id_fkey
public.provisioning_events|public.provisioning_steps|provisioning_events_step_id_fkey
public.provisioning_step_runs|public.provisioning_jobs|provisioning_step_runs_job_id_fkey
public.provisioning_steps|public.provisioning_jobs|provisioning_steps_job_id_fkey
public.slo_current_values|public.slo_definitions|slo_current_values_slo_id_fkey
public.tenant_user_memberships|public.tenants|tenant_user_memberships_tenant_id_fkey
public.tenant_user_memberships|public.users|tenant_user_memberships_user_id_fkey
